Daily update at Sat Oct 25 17:06:49 UTC 2025
Daily update at Sun Oct 26 06:53:04 UTC 2025
Daily update at Mon Oct 27 06:57:37 UTC 2025
Daily update at Tue Oct 28 06:55:48 UTC 2025
Daily update at Wed Oct 29 06:56:02 UTC 2025
Daily update at Thu Oct 30 06:53:54 UTC 2025
Daily update at Fri Oct 31 06:54:36 UTC 2025
Daily update at Sat Nov  1 06:50:53 UTC 2025
Daily update at Sun Nov  2 06:51:55 UTC 2025
Daily update at Mon Nov  3 06:55:55 UTC 2025
Daily update at Tue Nov  4 06:55:48 UTC 2025
Daily update at Wed Nov  5 06:55:05 UTC 2025
Daily update at Thu Nov  6 06:55:46 UTC 2025
Daily update at Fri Nov  7 06:54:52 UTC 2025
